Sir,ADDRESS_FORMAL
Miss,ADDRESS_FORMAL
Ms,ADDRESS_FORMAL
Maâ€™am,ADDRESS_FORMAL
Mam,ADDRESS_FORMAL
Mister,ADDRESS_FORMAL
Missus,ADDRESS_FORMAL
Mrs,ADDRESS_FORMAL
Mr,ADDRESS_FORMAL
Madame,ADDRESS_FORMAL
Lady,ADDRESS_FORMAL
Mousier,ADDRESS_FORMAL
Mademoiselle,ADDRESS_FORMAL
Senor,ADDRESS_FORMAL
Senorita,ADDRESS_FORMAL
Doctor,ADDRESS_PROFESSIONAL
Professor,ADDRESS_PROFESSIONAL
General,ADDRESS_PROFESSIONAL
Sergeant,ADDRESS_PROFESSIONAL
Lieutenant,ADDRESS_PROFESSIONAL
Major,ADDRESS_PROFESSIONAL
Officer,ADDRESS_PROFESSIONAL
Governor,ADDRESS_PROFESSIONAL
Senator,ADDRESS_PROFESSIONAL
Captain,ADDRESS_PROFESSIONAL
Representative,ADDRESS_PROFESSIONAL
Judge,ADDRESS_PROFESSIONAL
Attorney General,ADDRESS_PROFESSIONAL
City Councilor,ADDRESS_PROFESSIONAL
President,ADDRESS_PROFESSIONAL
Vice President,ADDRESS_PROFESSIONAL
Waiter,ADDRESS_PROFESSIONAL
Honey,ADDRESS_CASUAL
Dear,ADDRESS_CASUAL
Sweetie,ADDRESS_CASUAL
Love,ADDRESS_CASUAL
Darling,ADDRESS_CASUAL
Babe,ADDRESS_CASUAL
Baby,ADDRESS_CASUAL
Pal,ADDRESS_CASUAL
Buddy,ADDRESS_CASUAL
Bud,ADDRESS_CASUAL
Bro,ADDRESS_CASUAL
Homie,ADDRESS_CASUAL
Man,ADDRESS_CASUAL
Brother,ADDRESS_CASUAL
Sis,ADDRESS_CASUAL
Sister,ADDRESS_CASUAL
Father,ADDRESS_CASUAL
Mom,ADDRESS_CASUAL
Mama,ADDRESS_CASUAL
Dad,ADDRESS_CASUAL
Daddy,ADDRESS_CASUAL
Everybody,ADDRESS_CASUAL
Guy,ADDRESS_CASUAL
Boys,ADDRESS_CASUAL
Girls,ADDRESS_CASUAL
Aunt,ADDRESS_CASUAL
Uncle,ADDRESS_CASUAL
Grandma,ADDRESS_CASUAL
Grandpa,ADDRESS_CASUAL
